Workbook

Sheet Сравнение
B1: УИР 2 | C1: Модель | D1: Разница
A2: Загрузка | B2: 0.6317 | C2: =(0.948+0.395+0.602)/3 -> 0.64833333 | D2: =((C2-B2)/B2)*100 -> 2.6331064
A3: Вероятность потери | B3: 0.5404 | C3: =11907/21204 -> 0.56154499 | D3: =((C3-B3)/B3)*100 -> 3.9128408
A4: Длина очереди | B4: 1.3811 | C4: 1.401 | D4: =((C4-B4)/B4)*100 -> 1.4408805
A5: Производительность | B5: 0.1379 | C5: =(21204-11907)/70656.161 -> 0.13158088 | D5: =((C5-B5)/B5)*100 -> -4.5823914
A6: Коэффициент простоя системы | B6: 0.3683 | C6: =1-C2 -> 0.35166667 | D6: =((C6-B6)/B6)*100 -> -4.5162458
A7: Время пребывания | B7: 25.0169 | C7: 25.429 | D7: =((C7-B7)/B7)*100 -> 1.6472864
A8: Время ожидания | B8: 10.0169 | C8: =(4520*21.905)/(4518+1879+2898) -> 10.652028 | D8: =((C8-B8)/B8)*100 -> 6.3405642

Sheet 1
A1: 10 | B1: 2 | C1: 20.0% | D1: -% | E1: 0.318 | F1: 0.323 | G1: 7.286 | H1: -% | I1: 10.176 | J1: 8.289 | K1: 113.77%
A2: 50 | B2: 10 | C2: 20.0% | D2: 1.0% | E2: 0.533 | F2: 0.392 | G2: 10.728 | H2: 47.24% | I2: 9.157 | J2: 3.336 | K2: 31.1%
A3: 100 | B3: 20 | C3: 20.0% | D3: 1.0% | E3: 0.479 | F3: 0.394 | G3: 11.348 | H3: 5.78% | I3: 22.095 | J3: 5.692 | K3: 50.16%
A4: 200 | B4: 37 | C4: 18.5% | D4: 0.93% | E4: 0.403 | F4: 0.366 | G4: 9.728 | H4: 14.28% | I4: 18.436 | J4: 3.358 | K4: 34.52%
A5: 500 | B5: 124 | C5: 24.8% | D5: 1.34% | E5: 0.471 | F5: 0.377 | G5: 11.063 | H5: 13.72% | I5: 17.855 | J5: 2.057 | K5: 18.59%
A6: 1000 | B6: 228 | C6: 22.8% | D6: 0.92% | E6: 0.455 | F6: 0.376 | G6: 10.629 | H6: 3.92% | I6: 16.916 | J6: 1.378 | K6: 12.96%
A7: 2000 | B7: 489 | C7: 24.45% | D7: 1.07% | E7: 0.474 | F7: 0.379 | G7: 11.274 | H7: 6.07% | I7: 18.214 | J7: 1.049 | K7: 9.31%
A8: 5000 | B8: 1315 | C8: 26.3% | D8: 1.08% | E8: 0.479 | F8: 0.381 | G8: 11.448 | H8: 1.54% | I8: 17.630 | J8: 0.642 | K8: 5.61%
A9: 10000 | B9: 2679 | C9: 26.79% | D9: 1.02% | E9: 0.491 | F9: 0.380 | G9: 11.648 | H9: 1.75% | I9: 17.790 | J9: 0.458 | K9: 3.93%
A10: 20000 | B10: 5442 | C10: 27.21% | D10: 1.02% | E10: 0.498 | F10: 0.380 | G10: 11.797 | H10: 1.28% | I10: 17.729 | J10: 0.323 | K10: 2.74%
A11: 50000 | B11: 13933 | C11: 27.87% | D11: 1.02% | E11: 0.500 | F11: 0.382 | G11: 11.933 | H11: 1.15% | I11: 17.801 | J11: 0.205 | K11: 1.72%
A12: 100000 | B12: 27629 | C12: 27.63% | D12: 0.99% | E12: 0.501 | F12: 0.381 | G12: 11.970 | H12: 0.31% | I12: 17.812 | J12: 0.145 | K12: 1.21%
... A19: 1000000 | B19: 280243 | C19: 28.02% | D19: 1.0% | E19: 0.498 | F19: 0.381 | G19: 11.954 | H19: 0.01% | I19: 17.964 | J19: 0.046 | K19: 0.39%

Sheet 2
A1: 10 | B1: 3 | C1: 30.0% | D1: -% | E1: 1.044 | F1: 0.438 | G1: 30.038 | H1: -% | I1: 18.681 | J1: 15.218 | K1: 50.66%
A2: 50 | B2: 26 | C2: 52.0% | D2: 1.73% | E2: 0.866 | F2: 0.502 | G2: 22.730 | H2: 24.33% | I2: 18.073 | J2: 6.584 | K2: 28.97%
A3: 100 | B3: 48 | C3: 48.0% | D3: 0.92% | E3: 1.059 | F3: 0.506 | G3: 32.484 | H3: 42.91% | I3: 38.116 | J3: 9.819 | K3: 30.23%
A4: 200 | B4: 111 | C4: 55.5% | D4: 1.16% | E4: 0.900 | F4: 0.493 | G4: 26.675 | H4: 17.88% | I4: 32.151 | J4: 5.856 | K4: 21.95%
A5: 500 | B5: 270 | C5: 54.0% | D5: 0.97% | E5: 0.831 | F5: 0.508 | G5: 24.530 | H5: 8.04% | I5: 31.086 | J5: 3.581 | K5: 14.6%
A6: 1000 | B6: 520 | C6: 52.0% | D6: 0.96% | E6: 0.853 | F6: 0.512 | G6: 24.109 | H6: 1.72% | I6: 28.816 | J6: 2.347 | K6: 9.74%
A7: 2000 | B7: 1112 | C7: 55.6% | D7: 1.07% | E7: 0.872 | F7: 0.503 | G7: 26.124 | H7: 8.36% | I7: 33.767 | J7: 1.945 | K7: 7.45%
A8: 5000 | B8: 2885 | C8: 57.7% | D8: 1.04% | E8: 0.909 | F8: 0.508 | G8: 28.172 | H8: 7.84% | I8: 33.501 | J8: 1.22 | K8: 4.33%
A9: 10000 | B9: 5784 | C9: 57.84% | D9: 1.0% | E9: 0.929 | F9: 0.508 | G9: 28.163 | H9: 0.03% | I9: 33.385 | J9: 0.86 | K9: 3.05%
A10: 20000 | B10: 11461 | C10: 57.3% | D10: 0.99% | E10: 0.928 | F10: 0.512 | G10: 28.227 | H10: 0.23% | I10: 33.123 | J10: 0.603 | K10: 2.14%
A11: 50000 | B11: 29117 | C11: 58.23% | D11: 1.02% | E11: 0.930 | F11: 0.513 | G11: 28.331 | H11: 0.37% | I11: 33.372 | J11: 0.384 | K11: 1.36%
A12: 100000 | B12: 57435 | C12: 57.44% | D12: 0.99% | E12: 0.927 | F12: 0.515 | G12: 28.202 | H12: 0.46% | I12: 33.018 | J12: 0.269 | K12: 0.95%
... A19: 1000000 | B19: 577022 | C19: 57.7% | D19: 1.0% | E19: 0.929 | F19: 0.516 | G19: 28.322 | H19: 0.03% | I19: 33.428 | J19: 0.086 | K19: 0.3%

Sheet 3
A1: 10 | B1: 50 | C1: 500.0% | D1: -% | E1: 1.592 | F1: 0.764 | G1: 14.288 | H1: -% | I1: 14.874 | J1: 12.116 | K1: 84.8%
A2: 50 | B2: 198 | C2: 396.0% | D2: 0.79% | E2: 1.733 | F2: 0.839 | G2: 16.166 | H2: 13.14% | I2: 11.191 | J2: 4.077 | K2: 25.22%
A3: 100 | B3: 493 | C3: 493.0% | D3: 1.24% | E3: 1.721 | F3: 0.843 | G3: 19.334 | H3: 19.6% | I3: 15.696 | J3: 4.043 | K3: 20.91%
A4: 200 | B4: 952 | C4: 476.0% | D4: 0.97% | E4: 1.740 | F4: 0.850 | G4: 20.920 | H4: 8.2% | I4: 16.594 | J4: 3.023 | K4: 14.45%
A5: 500 | B5: 2482 | C5: 496.4% | D5: 1.04% | E5: 1.793 | F5: 0.843 | G5: 23.640 | H5: 13.0% | I5: 18.712 | J5: 2.156 | K5: 9.12%
A6: 1000 | B6: 4929 | C6: 492.9% | D6: 0.99% | E6: 1.815 | F6: 0.838 | G6: 24.195 | H6: 2.35% | I6: 19.369 | J6: 1.578 | K6: 6.52%
A7: 2000 | B7: 10083 | C7: 504.15% | D7: 1.02% | E7: 1.804 | F7: 0.842 | G7: 24.215 | H7: 0.08% | I7: 20.112 | J7: 1.158 | K7: 4.78%
A8: 5000 | B8: 26114 | C8: 522.28% | D8: 1.04% | E8: 1.821 | F8: 0.842 | G8: 25.836 | H8: 6.69% | I8: 20.834 | J8: 0.759 | K8: 2.94%
A9: 10000 | B9: 51964 | C9: 519.64% | D9: 0.99% | E9: 1.822 | F9: 0.841 | G9: 26.472 | H9: 2.46% | I9: 21.055 | J9: 0.542 | K9: 2.05%
A10: 20000 | B10: 104749 | C10: 523.75% | D10: 1.01% | E10: 1.822 | F10: 0.840 | G10: 26.720 | H10: 0.94% | I10: 20.821 | J10: 0.379 | K10: 1.42%
A11: 50000 | B11: 262905 | C11: 525.81% | D11: 1.0% | E11: 1.825 | F11: 0.841 | G11: 27.052 | H11: 1.24% | I11: 20.960 | J11: 0.241 | K11: 0.89%
A12: 100000 | B12: 527388 | C12: 527.39% | D12: 1.0% | E12: 1.824 | F12: 0.840 | G12: 27.223 | H12: 0.63% | I12: 21.087 | J12: 0.172 | K12: 0.63%
... A19: 1000000 | B19: 5298695 | C19: 529.87% | D19: 1.0% | E19: 1.826 | F19: 0.840 | G19: 27.494 | H19: 0.17% | I19: 21.290 | J19: 0.055 | K19: 0.2%

Sheet 4
A1: 10 | B1: 2 | C1: 20.0% | D1: -% | E1: 0.435 | F1: 0.216 | G1: 10.229 | H1: -% | I1: 17.306 | J1: 14.098 | K1: 137.82%
A2: 50 | B2: 11 | C2: 22.0% | D2: 1.1% | E2: 0.282 | F2: 0.218 | G2: 10.403 | H2: 1.7% | I2: 17.302 | J2: 6.303 | K2: 60.59%
A3: 100 | B3: 24 | C3: 24.0% | D3: 1.09% | E3: 0.183 | F3: 0.188 | G3: 8.515 | H3: 18.15% | I3: 14.996 | J3: 3.863 | K3: 45.37%
A4: 200 | B4: 42 | C4: 21.0% | D4: 0.88% | E4: 0.167 | F4: 0.195 | G4: 7.600 | H4: 10.75% | I4: 13.507 | J4: 2.46 | K4: 32.37%
A5: 500 | B5: 109 | C5: 21.8% | D5: 1.04% | E5: 0.190 | F5: 0.188 | G5: 8.820 | H5: 16.05% | I5: 14.674 | J5: 1.69 | K5: 19.17%
A6: 1000 | B6: 221 | C6: 22.1% | D6: 1.01% | E6: 0.170 | F6: 0.177 | G6: 8.318 | H6: 5.69% | I6: 14.556 | J6: 1.186 | K6: 14.26%
A7: 2000 | B7: 417 | C7: 20.85% | D7: 0.94% | E7: 0.167 | F7: 0.168 | G7: 8.397 | H7: 0.95% | I7: 15.147 | J7: 0.872 | K7: 10.39%
A8: 5000 | B8: 1118 | C8: 22.36% | D8: 1.07% | E8: 0.164 | F8: 0.169 | G8: 8.550 | H8: 1.82% | I8: 15.547 | J8: 0.566 | K8: 6.62%
A9: 10000 | B9: 2273 | C9: 22.73% | D9: 1.02% | E9: 0.167 | F9: 0.166 | G9: 8.774 | H9: 2.62% | I9: 15.829 | J9: 0.408 | K9: 4.65%
A10: 20000 | B10: 4634 | C10: 23.17% | D10: 1.02% | E10: 0.170 | F10: 0.168 | G10: 8.966 | H10: 2.19% | I10: 16.099 | J10: 0.293 | K10: 3.27%
A11: 50000 | B11: 11668 | C11: 23.34% | D11: 1.01% | E11: 0.165 | F11: 0.167 | G11: 8.846 | H11: 1.34% | I11: 15.794 | J11: 0.182 | K11: 2.06%
A12: 100000 | B12: 23650 | C12: 23.65% | D12: 1.01% | E12: 0.163 | F12: 0.166 | G12: 8.766 | H12: 0.9% | I12: 15.658 | J12: 0.128 | K12: 1.46%
... A19: 1000000 | B19: 238320 | C19: 23.83% | D19: 1.0% | E19: 0.166 | F19: 0.168 | G19: 8.873 | H19: 0.39% | I19: 15.924 | J19: 0.041 | K19: 0.46%

Sheet 5
A1: 10 | B1: 2 | C1: 20.0% | D1: -% | E1: 0.435 | F1: 0.216 | G1: 10.229 | H1: -% | I1: 17.306 | J1: 14.098 | K1: 137.82%
A2: 50 | B2: 11 | C2: 22.0% | D2: 1.1% | E2: 0.282 | F2: 0.218 | G2: 10.403 | H2: 1.7% | I2: 17.302 | J2: 6.303 | K2: 60.59%
A3: 100 | B3: 24 | C3: 24.0% | D3: 1.09% | E3: 0.183 | F3: 0.188 | G3: 8.515 | H3: 18.15% | I3: 14.996 | J3: 3.863 | K3: 45.37%
A4: 200 | B4: 42 | C4: 21.0% | D4: 0.88% | E4: 0.167 | F4: 0.195 | G4: 7.600 | H4: 10.75% | I4: 13.507 | J4: 2.46 | K4: 32.37%
A5: 500 | B5: 109 | C5: 21.8% | D5: 1.04% | E5: 0.190 | F5: 0.188 | G5: 8.820 | H5: 16.05% | I5: 14.674 | J5: 1.69 | K5: 19.17%
A6: 1000 | B6: 221 | C6: 22.1% | D6: 1.01% | E6: 0.170 | F6: 0.177 | G6: 8.318 | H6: 5.69% | I6: 14.556 | J6: 1.186 | K6: 14.26%
A7: 2000 | B7: 417 | C7: 20.85% | D7: 0.94% | E7: 0.167 | F7: 0.168 | G7: 8.397 | H7: 0.95% | I7: 15.147 | J7: 0.872 | K7: 10.39%
A8: 5000 | B8: 1118 | C8: 22.36% | D8: 1.07% | E8: 0.164 | F8: 0.169 | G8: 8.550 | H8: 1.82% | I8: 15.547 | J8: 0.566 | K8: 6.62%
A9: 10000 | B9: 2273 | C9: 22.73% | D9: 1.02% | E9: 0.167 | F9: 0.166 | G9: 8.774 | H9: 2.62% | I9: 15.829 | J9: 0.408 | K9: 4.65%
A10: 20000 | B10: 4634 | C10: 23.17% | D10: 1.02% | E10: 0.170 | F10: 0.168 | G10: 8.966 | H10: 2.19% | I10: 16.099 | J10: 0.293 | K10: 3.27%
A11: 50000 | B11: 11668 | C11: 23.34% | D11: 1.01% | E11: 0.165 | F11: 0.167 | G11: 8.846 | H11: 1.34% | I11: 15.794 | J11: 0.182 | K11: 2.06%
A12: 100000 | B12: 23650 | C12: 23.65% | D12: 1.01% | E12: 0.163 | F12: 0.166 | G12: 8.766 | H12: 0.9% | I12: 15.658 | J12: 0.128 | K12: 1.46%
... A19: 1000000 | B19: 238320 | C19: 23.83% | D19: 1.0% | E19: 0.166 | F19: 0.168 | G19: 8.873 | H19: 0.39% | I19: 15.924 | J19: 0.041 | K19: 0.46%

Sheet 6
A1: 10 | B1: 1 | C1: 10.0% | D1: -% | E1: 0.591 | F1: 0.216 | G1: 14.705 | H1: -% | I1: 22.311 | J1: 18.175 | K1: 123.59%
A2: 50 | B2: 9 | C2: 18.0% | D2: 1.8% | E2: 0.230 | F2: 0.219 | G2: 7.810 | H2: 46.89% | I2: 13.276 | J2: 4.836 | K2: 61.93%
A3: 100 | B3: 19 | C3: 19.0% | D3: 1.06% | E3: 0.283 | F3: 0.199 | G3: 12.037 | H3: 54.12% | I3: 18.968 | J3: 4.886 | K3: 40.59%
A4: 200 | B4: 37 | C4: 18.5% | D4: 0.97% | E4: 0.235 | F4: 0.197 | G4: 10.245 | H4: 14.89% | I4: 18.247 | J4: 3.324 | K4: 32.44%
A5: 500 | B5: 85 | C5: 17.0% | D5: 0.92% | E5: 0.341 | F5: 0.194 | G5: 14.839 | H5: 44.84% | I5: 26.148 | J5: 3.012 | K5: 20.3%
A6: 1000 | B6: 188 | C6: 18.8% | D6: 1.11% | E6: 0.294 | F6: 0.181 | G6: 13.322 | H6: 10.22% | I6: 23.666 | J6: 1.928 | K6: 14.47%
A7: 2000 | B7: 337 | C7: 16.85% | D7: 0.9% | E7: 0.277 | F7: 0.174 | G7: 12.984 | H7: 2.54% | I7: 23.170 | J7: 1.335 | K7: 10.28%
A8: 5000 | B8: 843 | C8: 16.86% | D8: 1.0% | E8: 0.270 | F8: 0.177 | G8: 13.016 | H8: 0.25% | I8: 21.709 | J8: 0.791 | K8: 6.08%
A9: 10000 | B9: 1679 | C9: 16.79% | D9: 1.0% | E9: 0.283 | F9: 0.174 | G9: 13.732 | H9: 5.5% | I9: 22.667 | J9: 0.584 | K9: 4.25%
A10: 20000 | B10: 3487 | C10: 17.44% | D10: 1.04% | E10: 0.290 | F10: 0.177 | G10: 13.966 | H10: 1.7% | I10: 22.916 | J10: 0.417 | K10: 2.99%
A11: 50000 | B11: 8631 | C11: 17.26% | D11: 0.99% | E11: 0.288 | F11: 0.175 | G11: 14.111 | H11: 1.04% | I11: 23.118 | J11: 0.266 | K11: 1.89%
A12: 100000 | B12: 17482 | C12: 17.48% | D12: 1.01% | E12: 0.286 | F12: 0.175 | G12: 14.060 | H12: 0.36% | I12: 23.127 | J12: 0.188 | K12: 1.34%
... A19: 1000000 | B19: 176077 | C19: 17.61% | D19: 1.0% | E19: 0.294 | F19: 0.177 | G19: 14.372 | H19: 0.13% | I19: 23.525 | J19: 0.061 | K19: 0.42%

Sheet 7
A1: 10 | B1: 2 | C1: 20.0% | D1: -% | E1: 0.435 | F1: 0.216 | G1: 10.229 | H1: -% | I1: 17.306 | J1: 14.098 | K1: 137.82%
A2: 50 | B2: 11 | C2: 22.0% | D2: 1.1% | E2: 0.282 | F2: 0.218 | G2: 10.403 | H2: 1.7% | I2: 17.302 | J2: 6.303 | K2: 60.59%
A3: 100 | B3: 24 | C3: 24.0% | D3: 1.09% | E3: 0.183 | F3: 0.188 | G3: 8.515 | H3: 18.15% | I3: 14.996 | J3: 3.863 | K3: 45.37%
A4: 200 | B4: 42 | C4: 21.0% | D4: 0.88% | E4: 0.167 | F4: 0.195 | G4: 7.600 | H4: 10.75% | I4: 13.507 | J4: 2.46 | K4: 32.37%
A5: 500 | B5: 109 | C5: 21.8% | D5: 1.04% | E5: 0.190 | F5: 0.188 | G5: 8.820 | H5: 16.05% | I5: 14.674 | J5: 1.69 | K5: 19.17%
A6: 1000 | B6: 221 | C6: 22.1% | D6: 1.01% | E6: 0.170 | F6: 0.177 | G6: 8.318 | H6: 5.69% | I6: 14.556 | J6: 1.186 | K6: 14.26%
A7: 2000 | B7: 417 | C7: 20.85% | D7: 0.94% | E7: 0.167 | F7: 0.168 | G7: 8.397 | H7: 0.95% | I7: 15.147 | J7: 0.872 | K7: 10.39%
A8: 5000 | B8: 1118 | C8: 22.36% | D8: 1.07% | E8: 0.164 | F8: 0.169 | G8: 8.550 | H8: 1.82% | I8: 15.547 | J8: 0.566 | K8: 6.62%
A9: 10000 | B9: 2273 | C9: 22.73% | D9: 1.02% | E9: 0.167 | F9: 0.166 | G9: 8.774 | H9: 2.62% | I9: 15.829 | J9: 0.408 | K9: 4.65%
A10: 20000 | B10: 4634 | C10: 23.17% | D10: 1.02% | E10: 0.170 | F10: 0.168 | G10: 8.966 | H10: 2.19% | I10: 16.099 | J10: 0.293 | K10: 3.27%
A11: 50000 | B11: 11668 | C11: 23.34% | D11: 1.01% | E11: 0.165 | F11: 0.167 | G11: 8.846 | H11: 1.34% | I11: 15.794 | J11: 0.182 | K11: 2.06%
A12: 100000 | B12: 23650 | C12: 23.65% | D12: 1.01% | E12: 0.163 | F12: 0.166 | G12: 8.766 | H12: 0.9% | I12: 15.658 | J12: 0.128 | K12: 1.46%
... A19: 1000000 | B19: 238320 | C19: 23.83% | D19: 1.0% | E19: 0.166 | F19: 0.168 | G19: 8.873 | H19: 0.39% | I19: 15.924 | J19: 0.041 | K19: 0.46%

Sheet 8
A1: 10 | B1: 1 | C1: 10.0% | D1: -% | E1: 0.036 | F1: 0.030 | G1: 0.990 | H1: -% | I1: 1.887 | J1: 1.537 | K1: 155.27%
A2: 50 | B2: 3 | C2: 6.0% | D2: 0.6% | E2: 0.011 | F2: 0.037 | G2: 0.351 | H2: 64.55% | I2: 1.038 | J2: 0.378 | K2: 107.73%
A3: 100 | B3: 10 | C3: 10.0% | D3: 1.67% | E3: 0.012 | F3: 0.033 | G3: 0.435 | H3: 23.93% | I3: 1.201 | J3: 0.309 | K3: 71.12%
A4: 200 | B4: 17 | C4: 8.5% | D4: 0.85% | E4: 0.007 | F4: 0.028 | G4: 0.312 | H4: 28.28% | I4: 0.980 | J4: 0.179 | K4: 57.21%
A5: 500 | B5: 38 | C5: 7.6% | D5: 0.89% | E5: 0.009 | F5: 0.028 | G5: 0.399 | H5: 27.88% | I5: 1.117 | J5: 0.129 | K5: 32.25%
A6: 1000 | B6: 77 | C6: 7.7% | D6: 1.01% | E6: 0.010 | F6: 0.027 | G6: 0.438 | H6: 9.77% | I6: 1.165 | J6: 0.095 | K6: 21.67%
A7: 2000 | B7: 146 | C7: 7.3% | D7: 0.95% | E7: 0.011 | F7: 0.026 | G7: 0.529 | H7: 20.78% | I7: 1.426 | J7: 0.082 | K7: 15.53%
A8: 5000 | B8: 386 | C8: 7.72% | D8: 1.06% | E8: 0.010 | F8: 0.026 | G8: 0.501 | H8: 5.29% | I8: 1.356 | J8: 0.049 | K8: 9.86%
A9: 10000 | B9: 777 | C9: 7.77% | D9: 1.01% | E9: 0.011 | F9: 0.025 | G9: 0.523 | H9: 4.39% | I9: 1.430 | J9: 0.037 | K9: 7.04%
A10: 20000 | B10: 1614 | C10: 8.07% | D10: 1.04% | E10: 0.011 | F10: 0.026 | G10: 0.540 | H10: 3.25% | I10: 1.480 | J10: 0.027 | K10: 4.99%
A11: 50000 | B11: 4022 | C11: 8.04% | D11: 1.0% | E11: 0.011 | F11: 0.025 | G11: 0.540 | H11: 0.0% | I11: 1.480 | J11: 0.017 | K11: 3.16%
A12: 100000 | B12: 7922 | C12: 7.92% | D12: 0.99% | E12: 0.011 | F12: 0.025 | G12: 0.541 | H12: 0.19% | I12: 1.498 | J12: 0.012 | K12: 2.26%
... A19: 1000000 | B19: 78861 | C19: 7.89% | D19: 1.0% | E19: 0.011 | F19: 0.026 | G19: 0.550 | H19: 0.36% | I19: 1.504 | J19: 0.004 | K19: 0.7%

Sheet 9
A1: 10 | B1: 1 | C1: 10.0% | D1: -% | E1: 0.005 | F1: 0.235 | G1: 0.171 | H1: -% | I1: 0.383 | J1: 0.312 | K1: 182.45%
A2: 50 | B2: 9 | C2: 18.0% | D2: 1.8% | E2: 0.409 | F2: 0.364 | G2: 8.688 | H2: 4980.7% | I2: 10.861 | J2: 3.957 | K2: 45.54%
A3: 100 | B3: 20 | C3: 20.0% | D3: 1.11% | E3: 0.341 | F3: 0.394 | G3: 7.745 | H3: 10.85% | I3: 11.366 | J3: 2.928 | K3: 37.8%
A4: 200 | B4: 42 | C4: 21.0% | D4: 1.05% | E4: 0.391 | F4: 0.390 | G4: 8.540 | H4: 10.26% | I4: 12.356 | J4: 2.251 | K4: 26.35%
A5: 500 | B5: 116 | C5: 23.2% | D5: 1.1% | E5: 0.461 | F5: 0.385 | G5: 10.604 | H5: 24.17% | I5: 17.388 | J5: 2.003 | K5: 18.89%
A6: 1000 | B6: 214 | C6: 21.4% | D6: 0.92% | E6: 0.426 | F6: 0.384 | G6: 9.771 | H6: 7.86% | I6: 15.763 | J6: 1.284 | K6: 13.14%
A7: 2000 | B7: 425 | C7: 21.25% | D7: 0.99% | E7: 0.462 | F7: 0.390 | G7: 10.644 | H7: 8.93% | I7: 16.803 | J7: 0.968 | K7: 9.09%
A8: 5000 | B8: 1129 | C8: 22.58% | D8: 1.06% | E8: 0.470 | F8: 0.391 | G8: 11.004 | H8: 3.38% | I8: 17.379 | J8: 0.633 | K8: 5.75%
A9: 10000 | B9: 2271 | C9: 22.71% | D9: 1.01% | E9: 0.477 | F9: 0.391 | G9: 11.094 | H9: 0.82% | I9: 17.156 | J9: 0.442 | K9: 3.98%
A10: 20000 | B10: 4507 | C10: 22.54% | D10: 0.99% | E10: 0.484 | F10: 0.390 | G10: 11.236 | H10: 1.28% | I10: 17.322 | J10: 0.316 | K10: 2.81%
A11: 50000 | B11: 11659 | C11: 23.32% | D11: 1.03% | E11: 0.487 | F11: 0.393 | G11: 11.325 | H11: 0.79% | I11: 17.553 | J11: 0.202 | K11: 1.79%
A12: 100000 | B12: 23382 | C12: 23.38% | D12: 1.0% | E12: 0.485 | F12: 0.393 | G12: 11.248 | H12: 0.68% | I12: 17.360 | J12: 0.141 | K12: 1.26%
... A19: 1000000 | B19: 235642 | C19: 23.56% | D19: 1.0% | E19: 0.491 | F19: 0.395 | G19: 11.414 | H19: 0.2% | I19: 17.619 | J19: 0.045 | K19: 0.4%

Sheet Графики
B1: Вероятность потери | C1: Длина очереди | D1: Загрузка | E1: Ср. время ож.
A2: Вариант 1 | B2: {=AVERAGE(VALUE(SUBSTITUTE('1'!C$1:C$19,".",","))) *100} -> 25.364737 | C2: {=AVERAGE(VALUE(SUBSTITUTE('1'!E$1:E$19,".",",")))} -> 0.47889474 | D2: {=AVERAGE(VALUE(SUBSTITUTE('1'!F$1:F$19,".",",")))} -> 0.37794737 | E2: {=AVERAGE(VALUE(SUBSTITUTE('1'!G$1:G$19,".",",")))} -> 11.296474
A3: Вариант 2 | B3: {=AVERAGE(VALUE(SUBSTITUTE('2'!C$1:C$19,".",","))) *100} -> 54.727895 | C3: {=AVERAGE(VALUE(SUBSTITUTE('2'!E$1:E$19,".",",")))} -> 0.92347368 | D3: {=AVERAGE(VALUE(SUBSTITUTE('2'!F$1:F$19,".",",")))} -> 0.50673684 | E3: {=AVERAGE(VALUE(SUBSTITUTE('2'!G$1:G$19,".",",")))} -> 27.670737
A4: Вариант 3 | B4: {=AVERAGE(VALUE(SUBSTITUTE('3'!C$1:C$19,".",","))) *100} -> 509.68632 | C4: {=AVERAGE(VALUE(SUBSTITUTE('3'!E$1:E$19,".",",")))} -> 1.7941579 | D4: {=AVERAGE(VALUE(SUBSTITUTE('3'!F$1:F$19,".",",")))} -> 0.837 | E4: {=AVERAGE(VALUE(SUBSTITUTE('3'!G$1:G$19,".",",")))} -> 24.622316
A5: Вариант 4 | B5: {=AVERAGE(VALUE(SUBSTITUTE('4'!C$1:C$19,".",","))) *100} -> 22.833684 | C5: {=AVERAGE(VALUE(SUBSTITUTE('4'!E$1:E$19,".",",")))} -> 0.18889474 | D5: {=AVERAGE(VALUE(SUBSTITUTE('4'!F$1:F$19,".",",")))} -> 0.17684211 | E5: {=AVERAGE(VALUE(SUBSTITUTE('4'!G$1:G$19,".",",")))} -> 8.8675789
A6: Вариант 5 | B6: {=AVERAGE(VALUE(SUBSTITUTE('5'!C$1:C$19,".",","))) *100} -> 22.833684 | C6: {=AVERAGE(VALUE(SUBSTITUTE('5'!E$1:E$19,".",",")))} -> 0.18889474 | D6: {=AVERAGE(VALUE(SUBSTITUTE('5'!F$1:F$19,".",",")))} -> 0.17684211 | E6: {=AVERAGE(VALUE(SUBSTITUTE('5'!G$1:G$19,".",",")))} -> 8.8675789
A7: Вариант 6 | B7: {=AVERAGE(VALUE(SUBSTITUTE('6'!C$1:C$19,".",","))) *100} -> 16.920526 | C7: {=AVERAGE(VALUE(SUBSTITUTE('6'!E$1:E$19,".",",")))} -> 0.301 | D7: {=AVERAGE(VALUE(SUBSTITUTE('6'!F$1:F$19,".",",")))} -> 0.18384211 | E7: {=AVERAGE(VALUE(SUBSTITUTE('6'!G$1:G$19,".",",")))} -> 13.422368
A8: Вариант 7 | B8: {=AVERAGE(VALUE(SUBSTITUTE('7'!C$1:C$19,".",","))) *100} -> 22.833684 | C8: {=AVERAGE(VALUE(SUBSTITUTE('7'!E$1:E$19,".",",")))} -> 0.18889474 | D8: {=AVERAGE(VALUE(SUBSTITUTE('7'!F$1:F$19,".",",")))} -> 0.17684211 | E8: {=AVERAGE(VALUE(SUBSTITUTE('7'!G$1:G$19,".",",")))} -> 8.8675789
A9: Вариант 8 | B9: {=AVERAGE(VALUE(SUBSTITUTE('8'!C$1:C$19,".",","))) *100} -> 8.0094737 | C9: {=AVERAGE(VALUE(SUBSTITUTE('8'!E$1:E$19,".",",")))} -> 0.011947368 | D9: {=AVERAGE(VALUE(SUBSTITUTE('8'!F$1:F$19,".",",")))} -> 0.027263158 | E9: {=AVERAGE(VALUE(SUBSTITUTE('8'!G$1:G$19,".",",")))} -> 0.52384211
A10: Вариант 9 | B10: {=AVERAGE(VALUE(SUBSTITUTE('9'!C$1:C$19,".",","))) *100} -> 21.766842 | C10: {=AVERAGE(VALUE(SUBSTITUTE('9'!E$1:E$19,".",",")))} -> 0.43721053 | D10: {=AVERAGE(VALUE(SUBSTITUTE('9'!F$1:F$19,".",",")))} -> 0.38221053 | E10: {=AVERAGE(VALUE(SUBSTITUTE('9'!G$1:G$19,".",",")))} -> 10.067895
